{
    "batch_size": 64,
    "lr": 0.00030088508361522664,
    "epochs": 99,
    "loss": 0.09349903304779503
}